epoch,step,loss,avg_loss
1,10,5.134370803833008,4.700408458709717
1,20,5.037662029266357,4.302701473236084
1,30,3.1625587940216064,3.4308040142059326
1,40,1.645641803741455,3.2985048651695252
1,50,1.725998878479004,3.1478236079216004
1,60,3.574239730834961,2.915096402168274
1,70,3.272359848022461,3.476218914985657
1,80,3.633929967880249,2.9106940746307375
1,90,2.9692211151123047,2.889422619342804
1,100,3.4437267780303955,3.324788522720337
1,110,2.9950339794158936,3.240212857723236
1,120,2.1952402591705322,2.115786004066467
1,130,2.951416015625,3.169819414615631
1,140,3.7691402435302734,2.9731477379798887
1,150,2.0684549808502197,2.0176935493946075
1,160,2.5133159160614014,1.9894792795181275
1,170,2.243083953857422,2.6886322438716888
1,180,2.166015148162842,1.8999910831451416
1,190,1.2827874422073364,1.8530700087547303
1,200,1.8833688497543335,2.2511888265609743
1,210,2.8642425537109375,2.328652632236481
1,220,3.427238702774048,2.2055566608905792
1,230,0.6463457345962524,2.2405218124389648
1,240,3.059401512145996,2.183675414323807
1,250,3.1232194900512695,2.3781685292720796
1,260,2.268383502960205,2.2872499108314512
1,270,1.4005436897277832,1.7352026760578156
1,280,0.27351367473602295,1.8341764867305757
1,290,1.9416136741638184,1.9542924284934997
1,300,2.4077322483062744,2.1144096195697784
1,310,1.3934472799301147,1.9644817233085632
1,320,2.187960624694824,2.183128309249878
1,330,2.336606025695801,1.8487885266542434
1,340,3.318723440170288,1.9566496282815933
1,350,0.8219118118286133,1.9985995173454285
1,360,0.4405973255634308,1.976423704624176
1,370,0.5857827067375183,1.5733330309391023
1,380,0.4541796147823334,1.7812959253787994
1,390,2.5914406776428223,1.7451010823249817
1,400,0.7884763479232788,2.0430337309837343
1,410,1.0188796520233154,1.369991797208786
1,420,1.272377610206604,1.973773193359375
1,430,1.1042351722717285,1.7022287279367447
1,440,0.3095749020576477,1.2513042449951173
1,450,2.1337318420410156,1.6607666730880737
1,460,2.7411842346191406,2.029674416780472
1,470,2.3116228580474854,2.0681995540857314
1,480,1.954417109489441,1.7034072577953339
1,490,2.960983991622925,1.5092801868915557
1,500,2.0081074237823486,1.4937559932470321
1,510,2.2437849044799805,1.0242591202259064
1,520,2.906961679458618,1.6396043360233308
1,530,2.1610679626464844,2.007688891887665
1,540,0.6525799632072449,1.797942841053009
1,550,1.0491142272949219,1.9620562314987182
1,560,2.3329477310180664,1.5208615034818649
1,570,1.5997039079666138,1.553693914413452
1,580,0.7497348785400391,2.0244995057582855
1,590,1.9754014015197754,1.8116604268550873
1,600,2.0854427814483643,1.2884628415107726
1,610,2.8263895511627197,1.5857344269752502
1,620,1.729516625404358,1.586220633983612
1,630,1.9454302787780762,1.7723467200994492
1,640,1.2176826000213623,1.2377835094928742
1,650,1.1021708250045776,1.3944413274526597
1,660,1.709296464920044,1.9087874710559845
1,670,1.1826143264770508,1.1937995374202728
1,680,1.3582806587219238,1.717463380098343
1,690,0.5296590328216553,1.6425844311714173
1,700,0.7056404948234558,1.9378472119569778
1,710,0.5093232989311218,1.2078526228666306
1,720,0.7550818920135498,1.2877813816070556
1,730,1.4694799184799194,1.3526531785726548
1,740,1.622788667678833,1.7290390133857727
1,750,1.9947152137756348,1.454788652062416
1,760,2.568817615509033,1.4756660640239716
1,770,1.2985121011734009,1.2636270850896836
1,780,1.2702562808990479,1.5203086376190185
1,790,1.7976638078689575,1.81571062207222
1,800,3.181976318359375,1.7027350902557372
1,810,0.2643367648124695,1.184737604856491
1,820,1.6460986137390137,1.28607517182827
1,830,0.5203061103820801,1.3244098782539369
1,840,0.807129442691803,1.298461663722992
1,850,2.104400396347046,1.1710955291986465
1,860,0.6471617817878723,1.0296203285455703
1,870,1.9215787649154663,1.5873115062713623
1,880,1.0253747701644897,1.0124108985066413
1,890,0.2151092290878296,1.4718484699726104
1,900,0.7769725322723389,1.052836611866951
1,910,2.4544291496276855,1.3894043177366258
1,920,1.8709230422973633,1.0411575872451067
1,930,0.9057617783546448,0.970292717218399
1,940,2.108821153640747,1.2578283071517944
1,950,2.6102118492126465,1.9187248408794404
1,960,2.6936724185943604,1.609404593706131
1,970,2.879042387008667,1.3272695004940034
1,980,1.9000662565231323,1.4508069038391114
1,990,1.7670438289642334,1.6908110827207565
1,1000,1.94532310962677,1.165828028321266
1,1010,3.573537826538086,1.2625481724739074
1,1020,1.5779143571853638,1.7968058928847312
1,1030,0.834476113319397,0.9506799101829528
1,1040,0.27222105860710144,1.036893644928932
1,1050,1.055476188659668,0.9928527861833573
1,1060,0.2487383484840393,0.9872165620326996
1,1070,0.5793781280517578,1.4133549690246583
1,1080,1.1185812950134277,1.3568398833274842
1,1090,2.109196424484253,1.634811595082283
1,1100,0.940153956413269,1.4009084701538086
1,1110,0.8650305271148682,1.2881438314914704
1,1120,1.2543092966079712,1.0088596433401107
1,1130,0.3231469988822937,1.1021940588951111
1,1140,1.6868274211883545,1.3653650820255279
1,1150,2.6377758979797363,1.4080308556556702
1,1160,0.8258768320083618,1.621010410785675
1,1170,1.205664038658142,1.357716691493988
1,1180,0.962673008441925,0.8298190772533417
1,1190,0.3689723610877991,1.1605522096157075
1,1200,1.4931364059448242,1.3291590206325055
1,1210,0.5505818128585815,1.0642327427864076
1,1220,2.300917148590088,1.5868309259414672
1,1230,0.6408610343933105,1.012782382965088
1,1240,2.055285930633545,1.1015542984008788
1,1250,1.6500113010406494,1.289647315442562
1,1260,1.0937707424163818,1.0857647716999055
1,1270,1.3540161848068237,1.3153233140707017
1,1280,1.0670143365859985,1.5906243354082108
1,1290,1.2807879447937012,1.0460865944623947
1,1300,1.5842427015304565,1.240593707561493
1,1310,1.161959171295166,1.1147511661052705
1,1320,0.9791138172149658,0.9671264141798019
1,1330,1.5374010801315308,1.2701171904802322
1,1340,1.6463737487792969,0.9128898829221725
1,1350,0.45233988761901855,1.2063825532794
1,1360,1.0624316930770874,1.1543449610471725
1,1370,2.197526216506958,1.09921495616436
1,1380,1.3304927349090576,1.3277734458446502
1,1390,1.956070899963379,1.1597606018185616
1,1400,1.2378653287887573,1.0607771068811416
1,1410,0.8059698939323425,1.1871991276741027
1,1420,1.652284026145935,1.2712608963251113
1,1430,0.5956848859786987,0.9995176792144775
1,1440,0.7163375020027161,0.9108952045440674
1,1450,1.495751976966858,0.973464947938919
1,1460,1.0313977003097534,1.2160726606845855
1,1470,0.9120190143585205,0.7518286988139152
1,1480,3.213334560394287,1.558625763654709
1,1490,2.092674732208252,1.145157065987587
1,1500,1.7010012865066528,1.1098305255174636
1,1510,1.362877368927002,1.5037503302097321
1,1520,0.759689450263977,0.9593461275100708
1,1530,1.2458058595657349,1.2400676295161248
1,1540,0.49321162700653076,1.1688302785158158
1,1550,0.4302481710910797,1.1343607991933822
1,1560,1.3461894989013672,0.8791387051343917
1,1570,0.6814618706703186,0.7958544418215752
1,1580,2.667351722717285,1.4701760709285736
1,1590,2.427582025527954,1.144812247157097
1,1600,0.8317423462867737,0.8441682040691376
1,1610,0.45943525433540344,0.7339931115508079
1,1620,0.7326534986495972,1.011961930990219
1,1630,0.26337116956710815,0.8467435427010059
1,1640,1.5918912887573242,0.6809391856193543
1,1650,0.5133721828460693,1.199113792181015
1,1660,1.5943177938461304,1.2915014147758483
1,1670,0.8886058926582336,0.9642564117908478
1,1680,1.37090003490448,1.4269339203834535
1,1690,1.277413249015808,1.011784663796425
1,1700,2.1935577392578125,0.9913387864828109
1,1710,0.9602288007736206,0.9456607051193714
1,1720,1.8020762205123901,0.6387786433100701
1,1730,1.925889015197754,1.1542486041784286
1,1740,0.6738773584365845,1.2369731806218625
1,1750,1.0747153759002686,0.9366980791091919
1,1760,0.43855056166648865,0.6952313482761383
1,1770,0.7850523591041565,0.8829434216022491
1,1780,1.180230975151062,0.8962122142314911
1,1790,0.80955570936203,0.7296247571706772
1,1800,1.1732804775238037,1.0426269948482514
1,1810,1.386089563369751,0.8399817951023578
1,1820,0.7688431143760681,0.6491413936018944
1,1830,0.7329562306404114,0.9726927191019058
1,1840,0.9926608800888062,0.999292841553688
1,1850,0.6541173458099365,0.8914898812770844
1,1860,0.4751501679420471,1.0684188529849052
1,1870,0.22880981862545013,0.9864996924996376
1,1880,0.46446493268013,0.564765776693821
1,1890,0.8551059365272522,0.762952844798565
1,1900,0.33142125606536865,0.8869094997644424
1,1910,0.7457311153411865,1.2396142601966857
1,1920,0.6223515868186951,0.9354720711708069
1,1930,0.2809506952762604,1.0881596595048904
1,1940,0.9138231873512268,0.9583205819129944
1,1950,1.3394917249679565,1.0049462765455246
1,1960,1.955075740814209,1.4080330908298493
1,1970,1.6303355693817139,0.9250962257385253
1,1980,1.003007411956787,1.1300267666578292
1,1990,1.2591068744659424,0.8777811080217361
1,2000,1.3820528984069824,1.2932429179549216
1,2010,0.8294463753700256,0.828914088755846
1,2020,1.3787909746170044,1.184296476840973
1,2030,1.1013554334640503,1.0193072378635406
1,2040,0.7021202445030212,0.9359250701963902
1,2050,0.7694258093833923,1.2386138021945954
1,2060,0.8483098149299622,1.4394269704818725
1,2070,0.907446026802063,1.1962606072425843
1,2080,0.4529241919517517,0.9843128584325314
1,2090,1.4049407243728638,1.1193323582410812
1,2100,1.2273792028427124,0.941601637005806
1,2110,0.9158669114112854,0.7789506062865257
1,2120,1.2184311151504517,0.8684764623641967
1,2130,1.5441937446594238,1.4268407016992568
1,2140,0.7518155574798584,1.004976850748062
1,2150,0.5901674628257751,1.169082647562027
1,2160,0.3305976390838623,0.8639208287000656
1,2170,0.8996424674987793,1.1438742935657502
1,2180,1.7949812412261963,1.163622009754181
2,2198,1.1517764329910278,1.0733442068099976
2,2208,2.8612852096557617,0.9477712273597717
2,2218,0.6142372488975525,0.6678289607167244
2,2228,0.45179274678230286,0.8094075143337249
2,2238,0.8598395586013794,0.7549793511629105
2,2248,1.7917962074279785,0.9919311136007309
2,2258,0.6464792490005493,1.0025575935840607
2,2268,1.2515103816986084,0.7805527746677399
2,2278,0.6411195993423462,0.5795258715748787
2,2288,1.5980075597763062,0.7406222268939018
2,2298,0.6128374338150024,0.9149284183979034
2,2308,1.942335605621338,0.8828148037195206
2,2318,0.3710602819919586,0.8681271031498909
2,2328,0.08984916657209396,0.49250622764229773
2,2338,1.0974109172821045,0.8584558188915252
2,2348,0.3987806737422943,0.5160333380103111
2,2358,0.2138013243675232,0.856716799736023
2,2368,0.41374948620796204,0.8967992067337036
2,2378,0.9676778316497803,0.5593649074435234
2,2388,1.7664902210235596,1.1461109340190887
2,2398,0.6274248957633972,0.645717540383339
2,2408,2.4436519145965576,0.8590998113155365
2,2418,0.25295037031173706,0.7982216209173203
2,2428,0.8789175152778625,1.142996248602867
2,2438,0.6900730133056641,0.9393817856907845
2,2448,0.6857678890228271,1.0880380675196648
2,2458,0.3760347068309784,1.0781690806150437
2,2468,0.26879602670669556,0.6387434557080269
2,2478,0.26732921600341797,0.9908943325281143
2,2488,1.1717151403427124,0.8368826419115066
2,2498,1.6971442699432373,1.0332961440086366
2,2508,0.058398451656103134,0.7339892636984586
2,2518,0.4775111973285675,1.0575789168477059
2,2528,1.421157717704773,1.1273201644420623
2,2538,2.050867795944214,0.8093242600560189
2,2548,1.0715869665145874,0.9267852410674096
2,2558,0.5330977439880371,0.7427094474434852
2,2568,1.1552342176437378,1.0162688314914703
2,2578,0.6837602257728577,0.9993159025907516
2,2588,0.5291827917098999,0.6358716160058975
2,2598,1.147684931755066,0.7519635066390038
2,2608,0.6588305234909058,0.7754911966621876
2,2618,0.7175830602645874,0.665137705206871
2,2628,0.6643604636192322,0.7902532663196326
2,2638,1.558638572692871,0.7454882822930813
2,2648,0.9755801558494568,0.8597618483006955
2,2658,1.3430240154266357,0.9803606748580933
2,2668,0.7270832061767578,0.7959275528788566
2,2678,0.8105509877204895,0.9920427188277244
2,2688,1.5515650510787964,1.0938143730163574
2,2698,1.311835527420044,0.707058136165142
2,2708,1.15875244140625,0.7257928639650345
2,2718,0.17099858820438385,0.6132869765162468
2,2728,0.6398541331291199,0.7957684554159641
2,2738,0.34169909358024597,0.8135321795940399
2,2748,0.08009421080350876,0.4829161047935486
2,2758,0.5433960556983948,0.7301708728075027
2,2768,1.38502836227417,0.842134590446949
2,2778,1.3088010549545288,1.0613533467054368
2,2788,0.34850868582725525,0.793455570936203
2,2798,1.1274818181991577,0.6887890309095382
2,2808,0.5062113404273987,0.7301159769296646
2,2818,0.8319944739341736,0.8926451899111271
2,2828,0.06079700216650963,0.841110908612609
2,2838,0.1450820416212082,0.6372257083654403
2,2848,0.6589816212654114,0.9484932333230972
2,2858,1.5706332921981812,0.6260565638542175
2,2868,1.022570252418518,0.8969045281410217
2,2878,0.8152048587799072,0.6479440972208976
2,2888,1.018871545791626,0.5123666763305664
2,2898,0.41867831349372864,0.6776261799037456
2,2908,0.16604487597942352,0.5511196717619896
2,2918,1.0539454221725464,0.7316331505775452
2,2928,1.2204402685165405,0.6357227370142937
2,2938,1.283732533454895,1.365278396010399
2,2948,1.4149322509765625,1.1992302902042866
2,2958,1.1708030700683594,0.6499420415610075
2,2968,0.5115224719047546,1.105088097602129
2,2978,0.6386114358901978,0.6575781051069498
2,2988,0.5376561880111694,1.0883821055293084
2,2998,1.5715848207473755,0.9167842775583267
2,3008,0.8699021339416504,0.5842149525880813
2,3018,0.4802418053150177,0.9016193300485611
2,3028,1.0816932916641235,0.9910189658403397
2,3038,0.8742942810058594,0.7036203965544701
2,3048,1.088921070098877,0.8978968068957329
2,3058,0.4082798361778259,0.9669361874461174
2,3068,1.4364433288574219,0.7153619259595871
2,3078,1.315693736076355,0.6761375159025192
2,3088,0.5733648538589478,0.8545875281095505
2,3098,0.5517123341560364,0.7008703768253326
2,3108,0.2477935403585434,0.569764144718647
2,3118,0.7835439443588257,0.8379506453871727
2,3128,1.8674312829971313,0.9223947882652282
2,3138,0.5675774812698364,0.8304455757141114
2,3148,1.3061208724975586,0.8941903382539749
2,3158,0.12900179624557495,0.8696601808071136
2,3168,1.4449684619903564,0.5767260625958442
2,3178,0.32112669944763184,0.9692986816167831
2,3188,1.5681023597717285,0.42070949301123617
2,3198,0.18729934096336365,0.7987611681222916
2,3208,0.46282026171684265,0.6922026515007019
2,3218,2.7634968757629395,0.9786344408988953
2,3228,0.3442831039428711,0.6029134005308151
2,3238,0.3565395176410675,1.0967827945947648
2,3248,0.43273666501045227,0.8350635677576065
2,3258,0.5463910698890686,0.5964743629097938
2,3268,1.2362425327301025,0.6974127694964409
2,3278,0.4610205292701721,0.6137243263423443
2,3288,0.5218385457992554,0.7285074610263109
2,3298,0.48040342330932617,0.9869575500488281
2,3308,0.18304070830345154,0.858896940946579
2,3318,0.9625293016433716,0.6082420725375414
2,3328,1.7017420530319214,0.9567798703908921
2,3338,0.15787658095359802,0.9286859944462776
2,3348,0.38134804368019104,0.6701258316636085
2,3358,1.1553740501403809,0.8731603473424911
2,3368,0.31820109486579895,0.5215124383568763
2,3378,0.6920881867408752,0.698861463367939
2,3388,0.9166625738143921,0.6410344921052455
2,3398,0.08296871930360794,0.5276739511638879
2,3408,0.7875143885612488,0.9743373893201351
2,3418,0.771730363368988,0.7643670171499253
2,3428,0.5229007601737976,0.5628889888525009
2,3438,0.5730510950088501,0.8226115465164184
2,3448,0.5758671164512634,0.8327511817216873
2,3458,0.27990975975990295,1.075105020403862
2,3468,0.7116794586181641,0.8491013258695602
2,3478,1.372189998626709,0.6872037589550019
2,3488,0.09995923191308975,1.2059094525873661
2,3498,0.19988641142845154,0.6831615477800369
2,3508,1.0731366872787476,0.5893288008868695
2,3518,0.3381441533565521,0.6138905793428421
2,3528,1.3873952627182007,0.7994682550430298
2,3538,1.2670669555664062,0.7206550762057304
2,3548,0.6910274624824524,0.8550291359424591
2,3558,0.33910274505615234,0.6439670592546463
2,3568,0.15056976675987244,0.7442611321806908
2,3578,0.3636626899242401,0.8775552429258824
2,3588,0.6554876565933228,0.579091238975525
2,3598,0.4696718156337738,0.8957369178533554
2,3608,0.8361796736717224,0.8369359612464905
2,3618,0.30876997113227844,0.6256163731217385
2,3628,0.8529340624809265,0.9155717059969902
2,3638,1.0123138427734375,0.6982656091451644
2,3648,0.1939125806093216,0.4803332336246967
2,3658,0.559075117111206,0.6594759792089462
2,3668,0.38676974177360535,0.7952354788780213
2,3678,1.0161031484603882,0.8346813797950745
2,3688,0.09654845297336578,0.6225701555609703
2,3698,0.36558109521865845,0.9817809671163559
2,3708,0.1374167948961258,0.8559264495968819
2,3718,0.7627751231193542,0.5840174287557602
2,3728,0.7648608684539795,0.7634506426751614
2,3738,0.7031451463699341,0.6827848970890045
2,3748,1.0796196460723877,1.0990096986293794
2,3758,0.4825861155986786,0.7573798954486847
2,3768,0.8481893539428711,0.7206618219614029
2,3778,0.5213273763656616,0.7017365872859955
2,3788,0.21689116954803467,0.7918642789125443
2,3798,0.9058037996292114,0.6162872388958931
2,3808,1.2208188772201538,0.6655266106128692
2,3818,0.3047005236148834,0.5301820807158947
2,3828,0.5190657377243042,0.6933719977736473
2,3838,0.8755744099617004,0.8007075898349285
2,3848,0.8962041139602661,0.6921662107110024
2,3858,1.402942419052124,0.8825451791286468
2,3868,0.14995847642421722,0.6498707994818688
2,3878,0.26201796531677246,0.5726201251149178
2,3888,0.3708999454975128,0.509436409175396
2,3898,0.5204896926879883,0.6647616252303123
2,3908,0.8623515963554382,0.794325764477253
2,3918,0.6550166010856628,0.8791997969150543
2,3928,0.23977817595005035,0.7532220020890236
2,3938,1.1721971035003662,0.5477815195918083
2,3948,0.20835720002651215,0.9381118074059487
2,3958,0.08220544457435608,0.7065784454345703
2,3968,0.36265623569488525,0.7245669603347779
2,3978,0.5831260085105896,0.5216929107904434
2,3988,0.4727497696876526,0.6719264879822731
2,3998,1.3511748313903809,1.0897946998476982
2,4008,0.24610134959220886,0.9387833893299102
2,4018,1.1361784934997559,0.8213707119226455
2,4028,0.421557754278183,0.6387080855667591
2,4038,0.7278437614440918,0.828083872795105
2,4048,0.25590837001800537,0.6617787897586822
2,4058,0.8190940022468567,0.6920587897300721
2,4068,0.8081941604614258,0.7092704549431801
2,4078,1.1769212484359741,0.4292089618742466
2,4088,0.32875585556030273,0.5708155155181884
2,4098,0.19701644778251648,0.7171552181243896
2,4108,0.3085821866989136,0.6695210743695498
2,4118,0.4869716167449951,0.7334862768650054
2,4128,0.8194882273674011,1.0797835409641265
2,4138,1.1552982330322266,0.799169510602951
2,4148,1.927914023399353,0.5495841205120087
2,4158,1.0551843643188477,0.7830909788608551
2,4168,0.6096137166023254,0.7114540666341782
2,4178,1.0845770835876465,0.5613691300153733
2,4188,1.558906078338623,0.5882758073508739
2,4198,1.3920661211013794,0.8543861411511898
2,4208,0.09584029018878937,0.4348834030330181
2,4218,1.5256398916244507,1.1184844836592673
2,4228,0.8799095749855042,0.9126361928880214
2,4238,0.5530325770378113,0.708886194229126
2,4248,0.025656599551439285,0.4939234722405672
2,4258,0.6120710372924805,0.4453682705760002
2,4268,0.8972007036209106,0.8790298372507095
2,4278,0.9464920163154602,0.49438184797763823
2,4288,0.21145451068878174,0.7658785581588745
2,4298,0.9350406527519226,0.793164286017418
2,4308,0.7177391052246094,0.7650748252868652
2,4318,0.5881325006484985,0.5035918615758419
2,4328,0.08524094521999359,0.4432887375354767
2,4338,0.7046341300010681,0.8795352406799793
2,4348,0.48896360397338867,0.783850011229515
2,4358,0.7557822465896606,0.7525834687054157
2,4368,1.2964656352996826,0.6351266518235207
3,4386,1.0280901193618774,0.6742781803011895
3,4396,0.8458531498908997,0.5507130861282349
3,4406,1.130509853363037,0.7511544309556484
3,4416,0.49706384539604187,0.5151180386543274
3,4426,0.6621488332748413,0.8585016742348671
3,4436,0.6648160219192505,0.660461962223053
3,4446,0.5964599847793579,0.8172891348600387
3,4456,0.4781433641910553,0.5698081888258457
3,4466,0.9174782633781433,0.7088425576686859
3,4476,0.3099789619445801,0.6841736108064651
3,4486,0.6213418245315552,0.5786807388067245
3,4496,0.10528207570314407,0.5597175605595112
3,4506,0.5793152451515198,0.5675979182124138
3,4516,0.3179093301296234,0.5740665197372437
3,4526,1.2349333763122559,0.6232174277305603
3,4536,0.5198565125465393,0.6762594893574715
3,4546,0.9808814525604248,0.5147843405604362
3,4556,0.29776790738105774,0.5908768743276596
3,4566,0.5614827275276184,0.3873538888990879
3,4576,0.3159894645214081,0.4974990928545594
3,4586,0.5399150252342224,0.5433013916015625
3,4596,2.0457305908203125,0.5283039215952158
3,4606,0.3947770893573761,0.8144250407814979
3,4616,0.8660054206848145,0.9063004568219185
3,4626,0.7834822535514832,0.8050652503967285
3,4636,0.694492757320404,0.611141300201416
3,4646,0.6011654734611511,0.4133099333383143
3,4656,0.162074476480484,0.6716284856200219
3,4666,1.0810614824295044,0.4874351732432842
3,4676,0.49691256880760193,0.40821015685796735
3,4686,0.12194031476974487,0.5664087869226933
3,4696,0.5638286471366882,0.7042015541344882
3,4706,0.43104398250579834,0.7175527691841126
3,4716,0.5729454159736633,0.5861436411738395
3,4726,0.31423893570899963,0.600859859585762
3,4736,0.31221458315849304,0.540601022541523
3,4746,0.041805967688560486,0.6773139417171479
3,4756,0.8040574193000793,0.46422714218497274
3,4766,0.2091924250125885,0.6486261010169982
3,4776,0.8011963963508606,0.6899087756872178
3,4786,0.7446904182434082,0.6124147564172745
3,4796,1.1945304870605469,0.5940436862409115
3,4806,0.42724865674972534,0.5910228364169597
3,4816,0.5870071053504944,0.6705279141664505
3,4826,0.43964776396751404,0.4922587774693966
3,4836,0.8107497096061707,0.5166093066334725
3,4846,0.7611504197120667,0.6657454490661621
3,4856,0.7670012712478638,0.6323056489229202
3,4866,1.050232172012329,0.8216418400406837
3,4876,1.3702332973480225,0.7363615557551384
3,4886,0.7705078125,0.6345447145402432
3,4896,0.7064274549484253,0.6378013484179974
3,4906,0.6063046455383301,0.682460007071495
3,4916,0.4929799437522888,0.8658811055123806
3,4926,0.7339032888412476,0.7934303879737854
3,4936,0.6066510677337646,0.678160733729601
3,4946,0.20152197778224945,0.7281313162297011
3,4956,1.3409810066223145,0.5608785077929497
3,4966,0.3204673230648041,0.45219961255788804
3,4976,0.3311851918697357,0.623655641824007
3,4986,0.18439516425132751,0.5052975416183472
3,4996,0.4289659857749939,0.5892579182982445
3,5006,0.4789038896560669,0.655145025998354
3,5016,0.22720572352409363,0.5970728978514671
3,5026,1.0600721836090088,0.7019079923629761
3,5036,0.7936261892318726,0.6384148523211479
3,5046,0.5217695236206055,0.40888058096170427
3,5056,0.4254162311553955,0.7467577546834946
3,5066,0.1389359086751938,0.644091685116291
3,5076,0.5913978815078735,0.747277757525444
3,5086,0.18546651303768158,0.691403190791607
3,5096,0.7168418765068054,0.5173348113894463
3,5106,0.8593687415122986,0.7168354898691177
3,5116,0.9599521160125732,0.5611878491938114
3,5126,0.3982717990875244,0.540751825273037
3,5136,0.5361487865447998,0.514271593093872
3,5146,0.026864068582654,0.685455328412354
3,5156,0.1343177855014801,0.49466619417071345
3,5166,0.027881542220711708,0.4726467916741967
3,5176,0.33611413836479187,0.6821560889482499
3,5186,0.9752338528633118,0.5806892484426498
3,5196,0.28766852617263794,0.5762842610478401
3,5206,0.3119446933269501,0.6864282570779323
3,5216,0.35419127345085144,0.5320954822003842
3,5226,0.3819054067134857,0.6344404488801956
3,5236,1.520096778869629,0.8028663277626038
3,5246,0.5331868529319763,0.5138986289501191
3,5256,0.9857049584388733,0.7249672636389732
3,5266,0.9773737788200378,0.7605291971936822
3,5276,0.32800227403640747,0.5757398813962936
3,5286,0.09951341152191162,0.6939619332551956
3,5296,0.22316408157348633,0.7293299108743667
3,5306,0.4867757260799408,0.5069219809025526
3,5316,0.7582107186317444,0.6145831674337388
3,5326,0.45853525400161743,0.5715535894036293
3,5336,0.7704004645347595,0.6089308977127075
3,5346,0.17415696382522583,0.647333874553442
3,5356,0.6837332844734192,0.6521743983030319
3,5366,0.5000773072242737,0.7645012855529785
3,5376,0.564637303352356,0.4820283502340317
3,5386,1.949157953262329,0.6377261400222778
3,5396,0.5364076495170593,0.618896409869194
3,5406,0.474947452545166,0.467015877366066
3,5416,0.5216132998466492,0.5913616716861725
3,5426,0.4261670708656311,0.7332742340862751
3,5436,1.7484058141708374,0.6332402572035789
3,5446,0.5810874700546265,0.6534138582646847
3,5456,1.0103375911712646,0.7397895120084286
3,5466,1.7161933183670044,0.7772012323141098
3,5476,1.3182095289230347,0.7112425029277801
3,5486,0.6565755009651184,0.4989787392318249
3,5496,0.24338093400001526,0.4673551950603724
3,5506,0.4839269816875458,0.4616139575839043
3,5516,0.22433747351169586,0.5128059789538384
3,5526,0.5463342070579529,0.5259141996502876
3,5536,1.1653623580932617,0.4241714902222157
3,5546,0.5058184266090393,0.6881682850420475
3,5556,0.8743444085121155,0.5262378066778183
3,5566,0.3526293635368347,0.5919662427157164
3,5576,0.3716491460800171,0.4245123151689768
3,5586,1.2797776460647583,0.6869671016931533
3,5596,0.902752697467804,0.7396947383880615
3,5606,0.7555450797080994,0.5299910817295312
3,5616,0.03315822407603264,0.43614110387861726
3,5626,0.841437578201294,0.5443655297160148
3,5636,0.08428316563367844,0.3964061290025711
3,5646,0.022467924281954765,0.66328557562083
3,5656,0.8770128488540649,0.510442765802145
3,5666,0.8272839188575745,0.5314288333058357
3,5676,0.43826669454574585,0.4945079103112221
3,5686,0.21236586570739746,0.6503839775919914
3,5696,0.7647452354431152,0.7442511312663556
3,5706,0.2754247486591339,0.6523763835430145
3,5716,0.6186946630477905,0.48143658936023714
3,5726,1.3036623001098633,0.7642530933022499
3,5736,1.079857587814331,0.5152758222073317
3,5746,0.6480394005775452,0.6464998155832291
3,5756,1.186809778213501,0.772038696706295
3,5766,0.3690512478351593,0.6472225755453109
3,5776,0.5324883460998535,0.5922844529151916
3,5786,0.552825927734375,0.5342298544943332
3,5796,0.3478929102420807,0.593389043211937
3,5806,0.5772058963775635,0.509252518415451
3,5816,0.06267207115888596,0.45065752491354943
3,5826,0.5582976937294006,0.6644267737865448
3,5836,0.12006933242082596,0.723905649036169
3,5846,0.35166308283805847,0.4041024502366781
3,5856,1.0203536748886108,0.5764278143644332
3,5866,0.10509128123521805,0.804197109490633
3,5876,0.1941869705915451,0.5272222116589547
3,5886,0.6379978656768799,0.7121676951646805
3,5896,0.6586625576019287,0.5365983843803406
3,5906,0.8399645090103149,0.5684220349416137
3,5916,0.25281837582588196,0.49480827152729034
3,5926,0.5429823994636536,0.6284994065761567
3,5936,0.5657659769058228,0.893262942135334
3,5946,1.4394088983535767,0.6894114520400763
3,5956,0.3983098268508911,0.6519645005464554
3,5966,0.5569546818733215,0.611116573214531
3,5976,0.24254149198532104,0.5918929189443588
3,5986,0.35616347193717957,0.6811158761382103
3,5996,0.5592982172966003,0.49410282373428344
3,6006,0.6851295232772827,0.5672538042068481
3,6016,1.6217000484466553,0.774911031126976
3,6026,0.6309047937393188,0.4959045112133026
3,6036,0.4692876935005188,0.5524106085300445
3,6046,0.5581126809120178,0.3631615510210395
3,6056,0.1535191535949707,0.6091143084689975
3,6066,2.74943470954895,0.7125037960708142
3,6076,2.5355875492095947,0.8411754429340362
3,6086,0.23152156174182892,0.8106605425477028
3,6096,0.4440268874168396,0.7289395004510879
3,6106,0.3022511303424835,0.6394761770963668
3,6116,0.14198029041290283,0.7107742041349411
3,6126,0.603038489818573,0.5439796045422554
3,6136,0.9519858956336975,0.6103633955121041
3,6146,0.7918751239776611,0.49826484024524687
3,6156,0.5722435116767883,0.5706044852733612
3,6166,0.9893900156021118,0.6023739486932754
3,6176,0.42627617716789246,0.5437241420149803
3,6186,0.34205448627471924,0.5889315143227577
3,6196,0.7924983501434326,0.6915528029203415
3,6206,0.6105430126190186,0.7759958773851394
3,6216,0.10499384999275208,0.5274335984140635
3,6226,0.4723849594593048,0.5735263757407665
3,6236,1.1044580936431885,0.7328582148998976
3,6246,0.6590555310249329,0.4896338634192944
3,6256,1.5682696104049683,0.563628788292408
3,6266,1.169954538345337,0.5767286323010922
3,6276,0.26560482382774353,0.5862433224916458
3,6286,0.34785181283950806,0.4911063857376575
3,6296,0.27237415313720703,0.6700281888246536
3,6306,0.06210920959711075,0.6536049969494343
3,6316,0.6812924742698669,0.5411492995917797
3,6326,0.9770640134811401,0.6226548492908478
3,6336,0.889764666557312,0.6097117155790329
3,6346,0.3935967981815338,0.5593053355813027
3,6356,0.9350842833518982,0.7328690379858017
3,6366,0.9411760568618774,0.5988135576248169
3,6376,0.5991228222846985,0.6211093157529831
3,6386,0.5384284853935242,0.6233961611986161
3,6396,0.348798006772995,0.6524723768234253
3,6406,1.02729070186615,0.6433284297585488
3,6416,0.3206948935985565,0.5321994006633759
3,6426,0.4777812361717224,0.6777252525091171
3,6436,0.30186203122138977,0.8969184815883636
3,6446,2.1239492893218994,0.8116410240530968
3,6456,0.6930792331695557,0.6926186174154282
3,6466,0.7090824246406555,0.418315190076828
3,6476,0.6392191052436829,0.6330779239535331
3,6486,0.31774047017097473,0.7148491218686104
3,6496,0.766730785369873,0.590049259364605
3,6506,0.292799174785614,0.4646230421960354
3,6516,1.1546803712844849,0.6400436900556088
3,6526,0.6512989401817322,0.6365165993571281
3,6536,0.5185209512710571,0.4505338713526726
3,6546,1.9355926513671875,0.6070802316069603
3,6556,0.743536114692688,0.6215079620480537
